<?xml version="1.0" encoding="UTF-8"?>
<!DOCTYPE mapper
        PUBLIC "-//mybatis.org//DTD Mapper 3.0//EN"
        "http://mybatis.org/dtd/mybatis-3-mapper.dtd">
<mapper namespace="com.manage.project.mapper.OrdersMapper">

    <resultMap id="BaseResultMap" type="com.manage.project.model.domain.Orders">
            <id property="ordersId" column="orders_id" jdbcType="INTEGER"/>
            <result property="ordersTime" column="orders_time" jdbcType="TIMESTAMP"/>
            <result property="ordersPrice" column="orders_price" jdbcType="DECIMAL"/>
            <result property="userId" column="user_id" jdbcType="INTEGER"/>
            <result property="menuId" column="menu_id" jdbcType="INTEGER"/>
    </resultMap>
    <resultMap id="orderMap" type="com.manage.project.model.response.OrdersResponse">
            <id property="ordersId" column="orders_id" jdbcType="INTEGER"/>
            <result property="ordersTime" column="orders_time" jdbcType="TIMESTAMP"/>
            <result property="ordersPrice" column="orders_price" jdbcType="DECIMAL"/>
            <result property="menuName" column="menu_name" jdbcType="INTEGER"/>
            <result property="username" column="nick_name" jdbcType="INTEGER"/>
    </resultMap>

    <sql id="Base_Column_List">
        orders_id,orders_time,orders_price,
        user_id,menu_id
    </sql>

    <select id="selectByPrimaryKey" parameterType="java.lang.Long" resultMap="BaseResultMap">
        select
        <include refid="Base_Column_List" />
        from orders
        where  orders_id = #{ordersId,jdbcType=INTEGER} 
    </select>
<!--    <select id="selectAllOrders" resultMap="BaseResultMap">-->
<!--        select-->
<!--        <include refid="Base_Column_List" />-->
<!--        from orders-->
<!--    </select>-->
    <select id="selectAllOrders" resultMap="orderMap">
        select
            orders_id,
            orders_time,
            orders_price,
            menu_name,
            nick_name
        from user u,menu m,orders o
        where u.user_id=o.user_id and o.menu_id=m.menu_id;
    </select>



    <delete id="deleteByPrimaryKey" parameterType="java.lang.Long">
        delete from orders
        where  orders_id = #{ordersId,jdbcType=INTEGER} 
    </delete>
    <insert id="insert" keyColumn="orders_id" keyProperty="ordersId" parameterType="com.manage.project.model.domain.Orders" useGeneratedKeys="true">
        insert into orders
        ( orders_id,orders_time,orders_price
        ,user_id,menu_id)
        values (#{ordersId,jdbcType=INTEGER},#{ordersTime,jdbcType=TIMESTAMP},#{ordersPrice,jdbcType=DECIMAL}
        ,#{userId,jdbcType=INTEGER},#{menuId,jdbcType=INTEGER})
    </insert>
    <insert id="insertSelective" keyColumn="orders_id" keyProperty="ordersId" parameterType="com.manage.project.model.domain.Orders" useGeneratedKeys="true">
        insert into orders
        <trim prefix="(" suffix=")" suffixOverrides=",">
                <if test="ordersId != null">orders_id,</if>
                <if test="ordersTime != null">orders_time,</if>
                <if test="ordersPrice != null">orders_price,</if>
                <if test="userId != null">user_id,</if>
                <if test="menuId != null">menu_id,</if>
        </trim>
        <trim prefix="values (" suffix=")" suffixOverrides=",">
                <if test="ordersId != null">#{ordersId,jdbcType=INTEGER},</if>
                <if test="ordersTime != null">#{ordersTime,jdbcType=TIMESTAMP},</if>
                <if test="ordersPrice != null">#{ordersPrice,jdbcType=DECIMAL},</if>
                <if test="userId != null">#{userId,jdbcType=INTEGER},</if>
                <if test="menuId != null">#{menuId,jdbcType=INTEGER},</if>
        </trim>
    </insert>
    <update id="updateByPrimaryKeySelective" parameterType="com.manage.project.model.domain.Orders">
        update orders
        <set>
                <if test="ordersTime != null">
                    orders_time = #{ordersTime,jdbcType=TIMESTAMP},
                </if>
                <if test="ordersPrice != null">
                    orders_price = #{ordersPrice,jdbcType=DECIMAL},
                </if>
                <if test="userId != null">
                    user_id = #{userId,jdbcType=INTEGER},
                </if>
                <if test="menuId != null">
                    menu_id = #{menuId,jdbcType=INTEGER},
                </if>
        </set>
        where   orders_id = #{ordersId,jdbcType=INTEGER} 
    </update>
    <update id="updateByPrimaryKey" parameterType="com.manage.project.model.domain.Orders">
        update orders
        set 
            orders_time =  #{ordersTime,jdbcType=TIMESTAMP},
            orders_price =  #{ordersPrice,jdbcType=DECIMAL},
            user_id =  #{userId,jdbcType=INTEGER},
            menu_id =  #{menuId,jdbcType=INTEGER}
        where   orders_id = #{ordersId,jdbcType=INTEGER} 
    </update>
</mapper>
