<?xml version="1.0" encoding="UTF-8"?>
<!DOCTYPE mapper
        PUBLIC "-//mybatis.org//DTD Mapper 3.0//EN"
        "http://mybatis.org/dtd/mybatis-3-mapper.dtd">
<mapper namespace="com.manage.project.mapper.UserMapper">

    <resultMap id="BaseResultMap" type="com.manage.project.model.domain.User">
            <id property="userId" column="user_id" jdbcType="INTEGER"/>
            <result property="username" column="username" jdbcType="VARCHAR"/>
            <result property="nickName" column="nick_name" jdbcType="VARCHAR"/>
            <result property="password" column="password" jdbcType="VARCHAR"/>
            <result property="totalPrice" column="total_price" jdbcType="DOUBLE"/>
            <result property="createTime" column="create_time" jdbcType="TIMESTAMP"/>
            <result property="updateTime" column="update_time" jdbcType="TIMESTAMP"/>
    </resultMap>

    <sql id="Base_Column_List">
        user_id,username,nick_name,
        password,total_price,create_time,
        update_time
    </sql>

    <select id="login" resultMap="BaseResultMap">
        select
        <include refid="Base_Column_List" />
        from user
        where username = #{username}
        and password = #{password}
    </select>
    <select id="getUserByUsername" resultMap="BaseResultMap">
        select
        <include refid="Base_Column_List" />
        from user
        where username = #{username}
    </select>

    <select id="getUserList" resultMap="BaseResultMap">
        select
        <include refid="Base_Column_List" />
        from user
    </select>

    <select id="selectByPrimaryKey" parameterType="java.lang.Long" resultMap="BaseResultMap">
        select
        <include refid="Base_Column_List" />
        from user
        where  user_id = #{userId,jdbcType=INTEGER} 
    </select>

    <delete id="deleteByPrimaryKey" parameterType="java.lang.Long">
        delete from user
        where  user_id = #{userId,jdbcType=INTEGER} 
    </delete>
    <insert id="insert" keyColumn="user_id" keyProperty="userId" parameterType="com.manage.project.model.domain.User" useGeneratedKeys="true">
        insert into user
        ( user_id,username,nick_name
        ,password,total_price,create_time
        ,update_time)
        values (#{userId,jdbcType=INTEGER},#{username,jdbcType=VARCHAR},#{nickName,jdbcType=VARCHAR}
        ,#{password,jdbcType=VARCHAR},#{totalPrice,jdbcType=DOUBLE},#{createTime,jdbcType=TIMESTAMP}
        ,#{updateTime,jdbcType=TIMESTAMP})
    </insert>
    <insert id="insertSelective" keyColumn="user_id" keyProperty="userId" parameterType="com.manage.project.model.domain.User" useGeneratedKeys="true">
        insert into user
        <trim prefix="(" suffix=")" suffixOverrides=",">
                <if test="userId != null">user_id,</if>
                <if test="username != null">username,</if>
                <if test="nickName != null">nick_name,</if>
                <if test="password != null">password,</if>
                <if test="totalPrice != null">total_price,</if>
                <if test="createTime != null">create_time,</if>
                <if test="updateTime != null">update_time,</if>
        </trim>
        <trim prefix="values (" suffix=")" suffixOverrides=",">
                <if test="userId != null">#{userId,jdbcType=INTEGER},</if>
                <if test="username != null">#{username,jdbcType=VARCHAR},</if>
                <if test="nickName != null">#{nickName,jdbcType=VARCHAR},</if>
                <if test="password != null">#{password,jdbcType=VARCHAR},</if>
                <if test="totalPrice != null">#{totalPrice,jdbcType=DOUBLE},</if>
                <if test="createTime != null">#{createTime,jdbcType=TIMESTAMP},</if>
                <if test="updateTime != null">#{updateTime,jdbcType=TIMESTAMP},</if>
        </trim>
    </insert>
    <update id="updateByPrimaryKeySelective" parameterType="User">
        update user
        <set>
                <if test="userId != null">
                    username = #{userId,jdbcType=BIGINT},
                </if>
                <if test="username != null">
                    username = #{username,jdbcType=VARCHAR},
                </if>
                <if test="nickName != null">
                    nick_name = #{nickName,jdbcType=VARCHAR},
                </if>
                <if test="password != null">
                    password = #{password,jdbcType=VARCHAR},
                </if>
                <if test="totalPrice != null">
                    total_price = #{totalPrice,jdbcType=DOUBLE},
                </if>
                <if test="createTime != null">
                    create_time = #{createTime,jdbcType=TIMESTAMP},
                </if>
                <if test="updateTime != null">
                    update_time = #{updateTime,jdbcType=TIMESTAMP},
                </if>
        </set>
        where   user_id = #{userId,jdbcType=INTEGER} 
    </update>
    <update id="updateByPrimaryKey" parameterType="com.manage.project.model.domain.User">
        update user
        set 
            username =  #{username,jdbcType=VARCHAR},
            nick_name =  #{nickName,jdbcType=VARCHAR},
            password =  #{password,jdbcType=VARCHAR},
            total_price =  #{totalPrice,jdbcType=DOUBLE},
            create_time =  #{createTime,jdbcType=TIMESTAMP},
            update_time =  #{updateTime,jdbcType=TIMESTAMP}
        where   user_id = #{userId,jdbcType=INTEGER} 
    </update>
</mapper>
